{
    "P120": [
        30.469898223876953,
        428.53887939453125,
        176.98776245117188,
        173.14642333984375,
        71.16606140136719,
        -95.40026092529297,
        261.0
    ],
    "P121": [
        44.65642547607422,
        303.965087890625,
        273.81768798828125,
        172.18695068359375,
        21.870628356933594,
        -95.80782318115234,
        261.0
    ],
    "P122": [
        20.259342193603516,
        276.5946960449219,
        38.5286865234375,
        178.72744750976562,
        4.521890163421631,
        -89.24662017822266,
        261.0
    ],
    "P123": [
        17.886558532714844,
        269.0950927734375,
        3.4678120613098145,
        -178.11325073242188,
        4.27745246887207,
        -86.03071594238281,
        261.0
    ],
    "P124": [
        38.70002365112305,
        209.57823181152344,
        256.72882080078125,
        -179.32652282714844,
        -0.7645245790481567,
        -94.55329895019531,
        261.0
    ],
    "P125": [
        131.70594787597656,
        53.19829559326172,
        162.601318359375,
        179.36517333984375,
        5.007857322692871,
        -146.2757110595703,
        261.0
    ],
    "P126": [
        136.46871948242188,
        50.93062973022461,
        166.19708251953125,
        -177.87188720703125,
        5.4247660636901855,
        -144.5634002685547,
        261.0
    ],
    "P127": [
        247.16339111328125,
        47.804412841796875,
        114.71441650390625,
        173.93359375,
        -4.210243225097656,
        -171.8944549560547,
        261.0
    ],
    "P128": [
        313.69598388671875,
        52.17929458618164,
        108.1761245727539,
        179.8733673095703,
        -1.5170812606811523,
        -169.09713745117188,
        261.0
    ],
    "P129": [
        316.511474609375,
        49.82577896118164,
        100.75242614746094,
        -179.119873046875,
        0.07880591601133347,
        -168.85348510742188,
        261.0
    ],
    "P130": [
        275.5305480957031,
        38.700172424316406,
        97.59283447265625,
        177.76576232910156,
        3.620293140411377,
        -171.33416748046875,
        261.0
    ],
    "P131": [
        250.58587646484375,
        33.033721923828125,
        106.31863403320312,
        177.20233154296875,
        3.0314338207244873,
        -171.8599090576172,
        261.0
    ],
    "P132": [
        164.45355224609375,
        26.29351806640625,
        136.59725952148438,
        175.24307250976562,
        3.0391218662261963,
        -168.36981201171875,
        261.0
    ],
    "P133": [
        136.4568328857422,
        93.68313598632812,
        140.1779327392578,
        175.03326416015625,
        4.199052333831787,
        -142.90980529785156,
        261.0
    ],
    "P134": [
        66.92988586425781,
        151.3992462158203,
        140.1793212890625,
        175.03724670410156,
        4.1903157234191895,
        -111.22520446777344,
        261.0
    ],
    "P135": [
        34.20096969604492,
        276.1094055175781,
        124.68042755126953,
        -176.99569702148438,
        5.193642616271973,
        -90.53582000732422,
        261.0
    ],
    "P136": [
        201.2093505859375,
        202.91085815429688,
        123.40481567382812,
        -177.20204162597656,
        9.175495147705078,
        -128.07513427734375,
        261.0
    ],
    "P137": [
        333.1140441894531,
        227.814208984375,
        79.37313842773438,
        -144.6355438232422,
        25.988941192626953,
        -94.59986114501953,
        261.0
    ],
    "P138": [
        339.6991271972656,
        239.10890197753906,
        47.702857971191406,
        -138.2358856201172,
        21.158693313598633,
        -77.56929779052734,
        5.0
    ],
    "P139": [
        339.43524169921875,
        239.14060974121094,
        47.45596694946289,
        -138.3018341064453,
        21.083934783935547,
        -77.5472183227539,
        5.0
    ],
    "P140": [
        57.854248046875,
        362.6551513671875,
        128.9737548828125,
        175.80593872070312,
        25.209802627563477,
        -100.19685363769531,
        261.0
    ]
}