{
    "P1": [
        182.5312042236328,
        -13.001388549804688,
        255.0012969970703,
        180.0,
        0.00032692166860215366,
        -170.00003051757812,
        261.0
    ],
    "P2": [
        -29.045351028442383,
        343.1440734863281,
        115.3128433227539,
        -178.28956604003906,
        -16.619848251342773,
        141.1028594970703,
        1.0
    ],
    "P3": [
        115.07630157470703,
        -272.94757080078125,
        240.98133850097656,
        171.91989135742188,
        -21.261798858642578,
        -19.010150909423828,
        1.0
    ],
    "P4": [
        188.11070251464844,
        -44.447898864746094,
        540.915283203125,
        71.6710433959961,
        -25.35317039489746,
        65.37696075439453,
        1.0
    ],
    "P5": [
        184.3118133544922,
        -53.76984786987305,
        541.5845336914062,
        71.42716217041016,
        -25.267080307006836,
        62.26728057861328,
        1.0
    ],
    "P6": [
        69.78004455566406,
        259.6360168457031,
        241.5362091064453,
        174.52398681640625,
        25.096830368041992,
        -116.32540893554688,
        1.0
    ],
    "P7": [
        69.7698745727539,
        259.6225280761719,
        241.60455322265625,
        174.5272216796875,
        25.112262725830078,
        -116.32404327392578,
        1.0
    ],
    "P8": [
        0.0,
        0.0,
        0.0,
        0.0,
        0.0,
        0.0,
        -1.0
    ],
    "P9": [
        296.2882385253906,
        -4.335813045501709,
        242.45115661621094,
        171.56813049316406,
        -21.392654418945312,
        47.38930130004883,
        1.0
    ],
    "P10": [
        272.36016845703125,
        -151.955322265625,
        40.79758071899414,
        -175.8679962158203,
        -7.980727195739746,
        17.247417449951172,
        1.0
    ],
    "P11": [
        51.001564025878906,
        -343.98382568359375,
        178.8130645751953,
        159.81361389160156,
        -18.162811279296875,
        -27.73377227783203,
        1.0
    ],
    "P12": [
        7.468583583831787,
        -300.0180358886719,
        -4.6026740074157715,
        -174.96109008789062,
        -6.61322021484375,
        -40.71062088012695,
        1.0
    ],
    "P13": [
        91.41726684570312,
        -279.2432556152344,
        281.56341552734375,
        173.67918395996094,
        -15.682005882263184,
        -14.099991798400879,
        1.0
    ],
    "P14": [
        0.0,
        0.0,
        0.0,
        0.0,
        0.0,
        0.0,
        -1.0
    ],
    "P15": [
        -21.618289947509766,
        166.84121704101562,
        436.7734375,
        -78.72846984863281,
        -8.312965393066406,
        -11.62938404083252,
        257.0
    ],
    "P16": [
        -35.942527770996094,
        265.7424621582031,
        306.4722595214844,
        157.85809326171875,
        63.941978454589844,
        -115.77080535888672,
        1.0
    ],
    "P17": [
        -58.58174133300781,
        317.4779052734375,
        37.90724563598633,
        178.17926025390625,
        16.26987648010254,
        -75.80457305908203,
        1.0
    ],
    "P18": [
        -73.92436981201172,
        300.8520812988281,
        23.119916915893555,
        -169.98147583007812,
        -6.31448221206665,
        90.11544799804688,
        1.0
    ],
    "P19": [
        -33.89543533325195,
        346.2705383300781,
        254.63282775878906,
        -171.42300415039062,
        -23.510530471801758,
        97.94378662109375,
        1.0
    ],
    "P20": [
        -55.04693603515625,
        306.6143798828125,
        402.25030517578125,
        -99.22048950195312,
        -38.72895431518555,
        73.79106140136719,
        1.0
    ],
    "P21": [
        -126.15983581542969,
        90.87046813964844,
        345.61920166015625,
        -105.76547241210938,
        -20.784603118896484,
        84.95331573486328,
        1.0
    ],
    "P22": [
        103.03687286376953,
        128.91517639160156,
        351.6331481933594,
        -102.68330383300781,
        -23.601673126220703,
        -15.16781997680664,
        1.0
    ],
    "P23": [
        21.38831329345703,
        166.32949829101562,
        279.451171875,
        -127.64102172851562,
        -4.174788951873779,
        38.003143310546875,
        1.0
    ],
    "P24": [
        0.0,
        0.0,
        0.0,
        0.0,
        0.0,
        0.0,
        -1.0
    ],
    "P25": [
        172.59686279296875,
        -235.40818786621094,
        46.72447204589844,
        -176.98524475097656,
        -8.194087028503418,
        -3.9359660148620605,
        1.0
    ],
    "P26": [
        283.9474182128906,
        2.4707605838775635,
        31.421545028686523,
        172.48248291015625,
        -7.863090515136719,
        50.92073059082031,
        1.0
    ],
    "P27": [
        161.20523071289062,
        112.5151138305664,
        385.8063659667969,
        -178.0640106201172,
        -78.26506805419922,
        70.01463317871094,
        1.0
    ],
    "P28": [
        -51.943599700927734,
        189.6797332763672,
        385.63677978515625,
        -177.95803833007812,
        -78.21968078613281,
        140.32052612304688,
        1.0
    ],
    "P29": [
        -95.0857925415039,
        173.13192749023438,
        384.0649108886719,
        -175.4851531982422,
        -78.09172058105469,
        151.58895874023438,
        1.0
    ],
    "P30": [
        12.067241668701172,
        265.88525390625,
        221.6786346435547,
        -143.0745086669922,
        4.473639488220215,
        0.49477866291999817,
        261.0
    ],
    "P31": [
        14.431076049804688,
        350.8728942871094,
        76.82723999023438,
        -159.0301971435547,
        -2.9585437774658203,
        1.7043838500976562,
        261.0
    ],
    "P32": [
        -8.393677711486816,
        346.41180419921875,
        52.702972412109375,
        -160.75540161132812,
        -2.708576202392578,
        5.6617608070373535,
        261.0
    ],
    "P33": [
        17.653873443603516,
        252.05690002441406,
        141.9416961669922,
        -166.31883239746094,
        11.086258888244629,
        -10.923267364501953,
        261.0
    ],
    "P34": [
        96.07876586914062,
        162.88201904296875,
        188.20391845703125,
        -164.30641174316406,
        9.592741966247559,
        -31.5849609375,
        261.0
    ],
    "P35": [
        171.7808380126953,
        57.53768539428711,
        197.55203247070312,
        -161.15675354003906,
        10.24342155456543,
        -71.5796127319336,
        261.0
    ],
    "P36": [
        173.5853729248047,
        -51.979736328125,
        197.54214477539062,
        -161.1457977294922,
        10.227359771728516,
        -106.74918365478516,
        261.0
    ],
    "P37": [
        95.05992889404297,
        -154.14144897460938,
        197.33224487304688,
        -161.189697265625,
        10.210853576660156,
        -148.40774536132812,
        261.0
    ],
    "P38": [
        -15.50112247467041,
        -180.42999267578125,
        197.30592346191406,
        -161.1988525390625,
        10.218168258666992,
        175.0091552734375,
        261.0
    ],
    "P39": [
        0.0,
        0.0,
        0.0,
        0.0,
        0.0,
        0.0,
        -1.0
    ],
    "P40": [
        18.883390426635742,
        287.44537353515625,
        110.15607452392578,
        175.88929748535156,
        2.29697847366333,
        173.91358947753906,
        261.0
    ],
    "P41": [
        -68.13548278808594,
        329.6863708496094,
        -6.120575904846191,
        172.83184814453125,
        -7.64677619934082,
        179.8489532470703,
        261.0
    ],